{"cameraMode":{"drawMode":0,"name":"Shaded","section":"Shading Mode"},"sceneLighting":false,"audioPlay":false,"sceneViewState":{"showFog":false,"showMaterialUpdate":false,"showSkybox":false,"showFlares":false,"showImageEffects":false,"showParticleSystems":true},"in2DMode":false,"pivot":{"x":157.1957244873047,"y":-102.858154296875,"z":96.8353271484375},"rotation":{"x":0.06898944079875946,"y":-0.930208146572113,"z":0.2741512358188629,"w":0.23408204317092896},"size":391.6575622558594,"orthographic":false}