{"cameraMode":{"drawMode":0,"name":"Shaded","section":"Shading Mode"},"sceneLighting":false,"audioPlay":false,"sceneViewState":{"showFog":false,"showMaterialUpdate":false,"showSkybox":false,"showFlares":false,"showImageEffects":false,"showParticleSystems":true},"in2DMode":false,"pivot":{"x":190.48818969726563,"y":88.6479263305664,"z":317.9447021484375},"rotation":{"x":0.2362133115530014,"y":-0.051834166049957278,"z":0.012618872337043286,"w":0.9702357053756714},"size":432.14208984375,"orthographic":false}