{"cameraMode":{"drawMode":0,"name":"Shaded","section":"Shading Mode"},"sceneLighting":false,"audioPlay":false,"sceneViewState":{"showFog":false,"showMaterialUpdate":false,"showSkybox":false,"showFlares":false,"showImageEffects":false,"showParticleSystems":true},"in2DMode":false,"pivot":{"x":254.8304901123047,"y":16.972381591796876,"z":218.43621826171876},"rotation":{"x":-0.3279654383659363,"y":0.49070581793785097,"z":-0.20620259642601014,"w":-0.7804659605026245},"size":1102.76025390625,"orthographic":false}